PatientID,FirstName,LastName,DateOfBirth,Gender,PhoneNumber,Email
1,Mark,Irzyk,2020-10-06,M,+1-202-326-3242,mark.irzyk1@example.com
2,Trevon,Stefkovich,1958-06-02,M,+1-202-287-5902,trevon.stefkovich2@example.com
3,Emerson,Milad,1975-01-07,M,+1-202-937-2243,emerson.milad3@example.com
4,Kyle,Dalfrey,2000-07-22,M,+1-202-536-1696,kyle.dalfrey4@example.com
5,Thaddeus,Deitz,1992-05-31,M,+1-202-775-5356,thaddeus.deitz5@example.com
6,Kiersten,Brofman,1948-12-19,F,+1-202-834-8213,kiersten.brofman6@example.com
7,Neil,Frengel,2002-06-14,M,+1-202-924-6865,neil.frengel7@example.com
8,Chasity,Bers,2008-06-17,F,+1-202-773-3833,chasity.bers8@example.com
9,Loren,Rapalo,2008-03-03,M,+1-202-285-6944,loren.rapalo9@example.com
10,Fabian,Afsar,2001-02-18,M,+1-202-686-2178,fabian.afsar10@example.com
11,Thomas,Ficenec,1974-12-10,M,+1-202-569-6852,thomas.ficenec11@example.com
12,Emily,Coons,1955-05-04,F,+1-202-939-3246,emily.coons12@example.com
13,Doris,Cohenour,1966-09-21,F,+1-202-174-3183,doris.cohenour13@example.com
14,Janis,Hamor,1953-06-03,F,+1-202-212-5698,janis.hamor14@example.com
15,Cassidy,Risner,2020-12-02,F,+1-202-496-9415,cassidy.risner15@example.com
16,Ronda,Mccammant,1966-12-04,F,+1-202-428-8174,ronda.mccammant16@example.com
17,Doug,Weirick,1978-05-06,M,+1-202-894-3620,doug.weirick17@example.com
18,Hayden,Bottino,1951-08-29,M,+1-202-273-6706,hayden.bottino18@example.com
19,Helene,Waiwaiole,2008-10-09,F,+1-202-507-8310,helene.waiwaiole19@example.com
20,Nicole,Denoon,2002-04-08,F,+1-202-951-9200,nicole.denoon20@example.com
21,Suzette,Soboleski,1945-11-14,F,+1-202-690-3494,suzette.soboleski21@example.com
22,Cameron,Schnarre,2018-09-27,M,+1-202-226-6991,cameron.schnarre22@example.com
23,Lois,Rahaman,1957-02-25,F,+1-202-646-1142,lois.rahaman23@example.com
24,Sherman,Miech,1982-07-03,M,+1-202-227-1104,sherman.miech24@example.com
25,Emilia,Liddington,1994-02-19,F,+1-202-589-6853,emilia.liddington25@example.com
26,Glenn,Grishaber,2021-08-01,M,+1-202-328-4052,glenn.grishaber26@example.com
27,Devon,Carew,2019-09-23,M,+1-202-190-8467,devon.carew27@example.com
28,Gale,Putman,2019-11-05,F,+1-202-277-8709,gale.putman28@example.com
29,Josie,Lokker,1976-04-22,F,+1-202-712-6217,josie.lokker29@example.com
30,Vernon,Wejrowski,1983-02-03,M,+1-202-747-6318,vernon.wejrowski30@example.com
31,Fidel,Pageler,2007-07-13,M,+1-202-770-8345,fidel.pageler31@example.com
32,Gerard,Coimbra,1946-05-08,M,+1-202-912-4059,gerard.coimbra32@example.com
33,Dexter,Solfest,1987-08-10,M,+1-202-809-3757,dexter.solfest33@example.com
34,Elsa,Senneff,1982-12-26,F,+1-202-352-5220,elsa.senneff34@example.com
35,Camryn,Nabholz,1961-02-17,F,+1-202-844-8797,camryn.nabholz35@example.com
36,Isiah,Thrush,2006-01-11,M,+1-202-519-3416,isiah.thrush36@example.com
37,Paris,Barndt,1988-06-03,F,+1-202-418-2451,paris.barndt37@example.com
38,Stefanie,Ola,2003-12-13,F,+1-202-790-6483,stefanie.ola38@example.com
39,Logan,Berretta,2005-06-28,F,+1-202-145-7495,logan.berretta39@example.com
40,Kiersten,Carvey,1988-07-26,F,+1-202-848-3976,kiersten.carvey40@example.com
41,Lee,Devaughn,1986-01-23,F,+1-202-927-3799,lee.devaughn41@example.com
42,Aubrey,Churchwell,1949-11-27,F,+1-202-216-5502,aubrey.churchwell42@example.com
43,Valentina,Tomaro,1965-06-29,F,+1-202-760-1249,valentina.tomaro43@example.com
44,Marcy,Gumby,2006-02-20,F,+1-202-630-7159,marcy.gumby44@example.com
45,Madeleine,Bowness,1967-11-24,F,+1-202-829-7549,madeleine.bowness45@example.com
46,Jami,Canna,1985-09-18,F,+1-202-644-3881,jami.canna46@example.com
47,Kellie,Florey,1942-12-13,F,+1-202-915-3631,kellie.florey47@example.com
48,Ignacio,Smeal,1936-01-03,M,+1-202-717-3119,ignacio.smeal48@example.com
49,Emanuel,Modrzynski,1935-12-06,M,+1-202-568-9722,emanuel.modrzynski49@example.com
50,Diana,Floresrodrigue,1985-05-20,F,+1-202-446-2148,diana.floresrodrigue50@example.com
51,Hillary,Goley,1949-06-05,F,+1-202-991-1638,hillary.goley51@example.com
52,Nevaeh,Caouette,1961-06-19,F,+1-202-279-1692,nevaeh.caouette52@example.com
53,Tom,Bissoon,1982-01-24,M,+1-202-877-7784,tom.bissoon53@example.com
54,Angelia,Trinks,1997-11-14,F,+1-202-942-7748,angelia.trinks54@example.com
55,Curt,Hodum,2011-04-15,M,+1-202-221-1963,curt.hodum55@example.com
56,Annette,Cang,1976-03-18,F,+1-202-860-5398,annette.cang56@example.com
57,Jeanne,Takahashi,2023-12-09,F,+1-202-981-7479,jeanne.takahashi57@example.com
58,Roberto,Sheehan,1945-06-29,M,+1-202-942-1454,roberto.sheehan58@example.com
59,Christy,Roeglin,1973-07-13,F,+1-202-907-1570,christy.roeglin59@example.com
60,Colt,Taulman,1934-06-07,M,+1-202-650-2184,colt.taulman60@example.com
61,Herbert,Urquiaga,1995-09-01,M,+1-202-715-3291,herbert.urquiaga61@example.com
62,Bernadette,Goering,1953-08-06,F,+1-202-457-2122,bernadette.goering62@example.com
63,Doris,Thirion,1952-04-16,F,+1-202-683-7154,doris.thirion63@example.com
64,Lorena,Skaja,1974-05-24,F,+1-202-595-1821,lorena.skaja64@example.com
65,Mike,Duros,1975-02-25,M,+1-202-670-6273,mike.duros65@example.com
66,Colton,Alattar,2005-03-18,M,+1-202-182-8773,colton.alattar66@example.com
67,Kody,Lasner,2013-03-09,M,+1-202-471-9432,kody.lasner67@example.com
68,Jeannine,Passarello,1972-01-27,F,+1-202-742-1467,jeannine.passarello68@example.com
69,Ahmed,Upkins,1937-04-24,M,+1-202-179-9234,ahmed.upkins69@example.com
70,Jayden,Gabor,1975-02-09,M,+1-202-834-9430,jayden.gabor70@example.com
71,Payton,Hirl,2020-04-22,F,+1-202-988-5411,payton.hirl71@example.com
72,Damon,Waskowiak,2012-07-06,M,+1-202-127-7753,damon.waskowiak72@example.com
73,Jillian,Develder,2005-04-14,F,+1-202-482-6989,jillian.develder73@example.com
74,Deja,Kastle,1966-01-01,F,+1-202-806-1541,deja.kastle74@example.com
75,Viola,Mimm,2017-07-16,F,+1-202-157-9829,viola.mimm75@example.com
76,Belinda,Craddock,1990-03-03,F,+1-202-432-7351,belinda.craddock76@example.com
77,Rachelle,Schexneider,1979-08-16,F,+1-202-536-4771,rachelle.schexneider77@example.com
78,Lester,Koceja,1950-07-16,M,+1-202-471-9313,lester.koceja78@example.com
79,Colleen,Tongen,1942-09-22,F,+1-202-114-9469,colleen.tongen79@example.com
80,Joaquin,Delasantos,1999-11-05,M,+1-202-225-3557,joaquin.delasantos80@example.com
81,Rose,Westrope,1960-01-04,F,+1-202-488-7161,rose.westrope81@example.com
82,Nancy,Mione,1984-05-01,F,+1-202-335-4776,nancy.mione82@example.com
83,Sanford,Wirsing,1986-06-20,M,+1-202-890-7622,sanford.wirsing83@example.com
84,Demarcus,Lisiak,1956-11-16,M,+1-202-353-7398,demarcus.lisiak84@example.com
85,Cyrus,Ulicny,1963-04-23,M,+1-202-943-4737,cyrus.ulicny85@example.com
86,Brayden,Sroda,2018-11-10,M,+1-202-179-9420,brayden.sroda86@example.com
87,Jackie,Halajian,1945-12-23,F,+1-202-840-4752,jackie.halajian87@example.com
88,Jerome,Buffardi,1984-06-05,M,+1-202-694-9209,jerome.buffardi88@example.com
89,April,Balson,1992-10-16,F,+1-202-715-6665,april.balson89@example.com
90,Marian,Cravens,1969-06-01,F,+1-202-900-4938,marian.cravens90@example.com
91,Lola,Strough,1947-06-07,F,+1-202-332-9663,lola.strough91@example.com
92,Mike,Laufer,1956-02-28,M,+1-202-655-8767,mike.laufer92@example.com
93,Hubert,Ruman,1986-09-18,M,+1-202-900-8619,hubert.ruman93@example.com
94,Merlin,Kolis,1937-05-12,M,+1-202-720-4503,merlin.kolis94@example.com
95,Melody,Munjal,1977-09-04,F,+1-202-219-2947,melody.munjal95@example.com
96,Carol,Zecchino,2001-10-03,F,+1-202-651-7322,carol.zecchino96@example.com
97,Cesar,Shewfelt,1989-02-22,M,+1-202-181-1900,cesar.shewfelt97@example.com
98,Edgar,Dura,1996-04-06,M,+1-202-415-7930,edgar.dura98@example.com
99,Claire,Deni,1939-09-24,F,+1-202-203-9669,claire.deni99@example.com
100,Emil,Mater,1938-09-22,M,+1-202-219-8080,emil.mater100@example.com
101,Deon,Kulzer,1942-01-03,M,+1-202-253-4157,deon.kulzer101@example.com
102,Shauna,Florenza,2008-05-01,F,+1-202-232-6100,shauna.florenza102@example.com
103,Sophie,Lenner,1954-05-01,F,+1-202-480-8035,sophie.lenner103@example.com
104,Hillary,Wassinger,1944-06-04,F,+1-202-365-7892,hillary.wassinger104@example.com
105,Theresa,Clayville,1939-02-27,F,+1-202-380-7297,theresa.clayville105@example.com
106,Polly,Militzer,1979-02-23,F,+1-202-654-4615,polly.militzer106@example.com
107,Jean,Nobes,1995-06-25,F,+1-202-625-6803,jean.nobes107@example.com
108,Luke,Dymon,2010-03-24,M,+1-202-722-7133,luke.dymon108@example.com
109,Porter,Mikulsky,2005-06-12,M,+1-202-448-8790,porter.mikulsky109@example.com
110,Maximiliano,Filak,1954-07-12,M,+1-202-184-9159,maximiliano.filak110@example.com
111,Guadalupe,Antonacci,1948-04-04,F,+1-202-441-9480,guadalupe.antonacci111@example.com
112,Emilie,Neish,2015-06-21,F,+1-202-730-5997,emilie.neish112@example.com
113,Vicki,Monn,1939-02-07,F,+1-202-812-8594,vicki.monn113@example.com
114,Blanca,Comp,1983-02-18,F,+1-202-835-9575,blanca.comp114@example.com
115,Dalton,Burnham,1972-11-01,M,+1-202-791-7595,dalton.burnham115@example.com
116,Stacie,Chacho,1946-05-24,F,+1-202-725-2815,stacie.chacho116@example.com
117,Kristy,Rybarczyk,1964-11-17,F,+1-202-547-5834,kristy.rybarczyk117@example.com
118,Tatum,Saiyed,1992-09-26,F,+1-202-437-1179,tatum.saiyed118@example.com
119,Kendrick,Spotanski,2000-09-12,M,+1-202-152-1567,kendrick.spotanski119@example.com
120,Opal,Shidler,1952-12-20,F,+1-202-275-7926,opal.shidler120@example.com
121,Hope,Kosloski,1998-07-27,F,+1-202-472-1925,hope.kosloski121@example.com
122,Latisha,Yemm,1982-12-01,F,+1-202-737-1049,latisha.yemm122@example.com
123,Jerald,Kopenski,1961-04-10,M,+1-202-286-2522,jerald.kopenski123@example.com
124,Tori,Granfors,1980-04-21,F,+1-202-467-1638,tori.granfors124@example.com
125,Kaitlyn,Mullane,2024-05-02,F,+1-202-825-4723,kaitlyn.mullane125@example.com
126,Candace,Eulo,2000-01-10,F,+1-202-801-1444,candace.eulo126@example.com
127,Asia,Lambrechts,1967-12-17,F,+1-202-403-7054,asia.lambrechts127@example.com
128,Darlene,Coyne,1947-09-20,F,+1-202-949-3650,darlene.coyne128@example.com
129,Devonte,Rueth,1961-04-25,M,+1-202-502-8549,devonte.rueth129@example.com
130,Marvin,Marceau,1978-12-15,M,+1-202-681-6711,marvin.marceau130@example.com
131,Rodger,Duroy,1979-03-22,M,+1-202-229-6997,rodger.duroy131@example.com
132,Dakota,Bastean,2024-11-23,F,+1-202-659-4582,dakota.bastean132@example.com
133,Steven,Allum,2011-02-27,M,+1-202-559-7285,steven.allum133@example.com
134,Salvatore,Frackowiak,1943-08-15,M,+1-202-260-1894,salvatore.frackowiak134@example.com
135,Kathleen,Albro,2022-08-08,F,+1-202-521-8499,kathleen.albro135@example.com
136,Skye,Juco,1999-03-06,F,+1-202-137-9489,skye.juco136@example.com
137,Jackie,Devening,1943-11-03,F,+1-202-200-2897,jackie.devening137@example.com
138,Tristan,Mohlenhoff,1969-02-11,M,+1-202-471-4719,tristan.mohlenhoff138@example.com
139,Wilburn,Polosky,2016-06-28,M,+1-202-676-2607,wilburn.polosky139@example.com
140,Rickie,Antony,1936-04-04,M,+1-202-339-6595,rickie.antony140@example.com
141,Romeo,Rookstool,1955-09-08,M,+1-202-801-6499,romeo.rookstool141@example.com
142,Darrin,Schepp,1982-02-20,M,+1-202-946-2505,darrin.schepp142@example.com
143,Darnell,Arro,1958-12-26,M,+1-202-593-6260,darnell.arro143@example.com
144,Philip,Fons,1993-09-21,M,+1-202-326-4582,philip.fons144@example.com
145,Makayla,Hannahan,1972-06-16,F,+1-202-883-1384,makayla.hannahan145@example.com
146,Karin,Czekanski,1982-05-04,F,+1-202-142-1538,karin.czekanski146@example.com
147,Haley,Maret,1993-05-25,F,+1-202-842-9898,haley.maret147@example.com
148,Maddox,Skees,1970-02-11,M,+1-202-460-2249,maddox.skees148@example.com
149,Millard,Oldenburger,1938-06-25,M,+1-202-416-3541,millard.oldenburger149@example.com
150,Evan,Sosnoski,1961-04-28,M,+1-202-884-5012,evan.sosnoski150@example.com
151,Bentley,Kingseed,1979-02-20,M,+1-202-694-3938,bentley.kingseed151@example.com
152,Meagan,Bort,1945-08-02,F,+1-202-337-5018,meagan.bort152@example.com
153,Kristin,Weinstein,1978-03-03,F,+1-202-995-8845,kristin.weinstein153@example.com
154,Paula,Alves,1984-07-25,F,+1-202-819-4110,paula.alves154@example.com
155,Shannon,Kaplun,1994-01-19,F,+1-202-255-5675,shannon.kaplun155@example.com
156,Rogelio,Felgar,1950-03-19,M,+1-202-530-8506,rogelio.felgar156@example.com
157,Jimmie,Gadoua,1948-04-24,M,+1-202-197-5124,jimmie.gadoua157@example.com
158,Derick,Koedam,1998-02-26,M,+1-202-702-4614,derick.koedam158@example.com
159,Thelma,Franer,2021-12-16,F,+1-202-950-6879,thelma.franer159@example.com
160,Denis,Banik,2000-03-03,M,+1-202-467-1756,denis.banik160@example.com
161,Victoria,Kaegi,1986-10-15,F,+1-202-504-4191,victoria.kaegi161@example.com
162,Rigoberto,Lesnak,1955-07-24,M,+1-202-323-2310,rigoberto.lesnak162@example.com
163,Antoinette,Helwick,1958-11-14,F,+1-202-849-6789,antoinette.helwick163@example.com
164,Bonita,Weeding,2023-11-16,F,+1-202-388-1405,bonita.weeding164@example.com
165,Abel,Barbarin,1960-02-17,M,+1-202-312-6538,abel.barbarin165@example.com
166,Brandy,Felicetta,2016-10-04,F,+1-202-590-9765,brandy.felicetta166@example.com
167,Fannie,Donahe,2002-06-27,F,+1-202-555-2760,fannie.donahe167@example.com
168,Roy,Dispennett,1971-03-07,M,+1-202-164-1507,roy.dispennett168@example.com
169,Mamie,Fawell,1979-07-25,F,+1-202-224-5393,mamie.fawell169@example.com
170,Merle,Thibodeau,1992-08-03,M,+1-202-134-8838,merle.thibodeau170@example.com
171,Victoria,Bhola,1938-10-04,F,+1-202-955-1859,victoria.bhola171@example.com
172,Millard,Atay,1970-12-29,M,+1-202-416-7280,millard.atay172@example.com
173,Savannah,Doran,1953-03-14,F,+1-202-810-6927,savannah.doran173@example.com
174,Quentin,Homeier,1960-08-26,M,+1-202-274-1162,quentin.homeier174@example.com
175,Marley,Lyberg,1936-05-05,F,+1-202-835-8028,marley.lyberg175@example.com
176,Alec,Soeur,2004-11-29,M,+1-202-508-2562,alec.soeur176@example.com
177,Bennie,Morua,1968-12-31,M,+1-202-164-5908,bennie.morua177@example.com
178,Fred,Denboer,2000-09-13,M,+1-202-698-6457,fred.denboer178@example.com
179,Moshe,Wickre,2019-06-28,M,+1-202-981-9753,moshe.wickre179@example.com
180,Eugene,Leaks,1981-10-10,M,+1-202-646-1661,eugene.leaks180@example.com
181,Marisa,Ulishney,1960-06-01,F,+1-202-548-3332,marisa.ulishney181@example.com
182,Judith,Thorsen,2011-07-18,F,+1-202-236-7837,judith.thorsen182@example.com
183,Judith,Syphrett,1984-09-05,F,+1-202-907-9874,judith.syphrett183@example.com
184,Elsa,Lalani,2001-11-22,F,+1-202-861-1131,elsa.lalani184@example.com
185,Kristi,Stelter,1991-02-26,F,+1-202-426-1780,kristi.stelter185@example.com
186,Terra,Nonnemaker,1979-07-06,F,+1-202-181-5973,terra.nonnemaker186@example.com
187,Claire,Loether,2019-05-12,F,+1-202-389-2979,claire.loether187@example.com
188,Cole,Whitsett,1951-07-14,M,+1-202-152-5461,cole.whitsett188@example.com
189,Jody,Scalo,1974-03-25,F,+1-202-610-2440,jody.scalo189@example.com
190,Kimberley,Massman,1970-02-24,F,+1-202-981-6784,kimberley.massman190@example.com
191,Deloris,Leimgruber,1948-10-01,F,+1-202-767-1406,deloris.leimgruber191@example.com
192,June,Bullens,1950-01-13,F,+1-202-825-3521,june.bullens192@example.com
193,Saul,Hafele,1965-06-04,M,+1-202-406-9844,saul.hafele193@example.com
194,Gage,Hadel,2013-04-02,M,+1-202-460-5094,gage.hadel194@example.com
195,Allyson,Hosaflook,1992-04-16,F,+1-202-748-8188,allyson.hosaflook195@example.com
196,Payton,Trunick,2015-10-05,M,+1-202-914-7853,payton.trunick196@example.com
197,Keenan,Mcdermot,1941-06-28,M,+1-202-930-7104,keenan.mcdermot197@example.com
198,Grant,Carkin,2015-07-13,M,+1-202-878-3328,grant.carkin198@example.com
199,Audrey,Laderoute,2021-09-21,F,+1-202-991-4876,audrey.laderoute199@example.com
200,Genesis,Bhave,2000-03-07,F,+1-202-916-1691,genesis.bhave200@example.com
201,Prince,Kious,2012-03-04,M,+1-202-305-9772,prince.kious201@example.com
202,Corey,Hasel,1990-10-10,M,+1-202-348-7693,corey.hasel202@example.com
203,Brenna,Katner,2013-10-27,F,+1-202-611-3848,brenna.katner203@example.com
204,Destinee,Mostafa,1989-12-27,F,+1-202-290-7205,destinee.mostafa204@example.com
205,Allie,Verdusco,1955-10-10,F,+1-202-468-2773,allie.verdusco205@example.com
206,Hadley,Thie,1966-06-13,F,+1-202-273-9702,hadley.thie206@example.com
207,Blaine,Dellacroce,1965-08-20,M,+1-202-130-5416,blaine.dellacroce207@example.com
208,Devin,Staszel,2011-04-02,F,+1-202-873-7754,devin.staszel208@example.com
209,Mable,Heriot,1962-12-25,F,+1-202-661-5615,mable.heriot209@example.com
210,Casey,Cissel,1997-04-09,F,+1-202-685-3259,casey.cissel210@example.com
211,Chrystal,Ledbetter,2024-12-25,F,+1-202-140-6123,chrystal.ledbetter211@example.com
212,Benny,Subick,2002-04-27,M,+1-202-476-6622,benny.subick212@example.com
213,Kristine,Esperance,1950-08-27,F,+1-202-420-3312,kristine.esperance213@example.com
214,Jacqueline,Erdei,2023-09-07,F,+1-202-715-1065,jacqueline.erdei214@example.com
215,Skye,Redgate,2011-08-03,F,+1-202-142-9786,skye.redgate215@example.com
216,Lorna,Fornaro,2003-01-01,F,+1-202-729-9920,lorna.fornaro216@example.com
217,Israel,Parks,1981-05-03,M,+1-202-535-8065,israel.parks217@example.com
218,Blair,Livreri,1993-01-24,M,+1-202-695-8445,blair.livreri218@example.com
219,Clair,Perfater,1937-12-10,M,+1-202-725-6864,clair.perfater219@example.com
220,Ramon,Lower,1970-05-03,M,+1-202-884-7810,ramon.lower220@example.com
221,Jackie,Springmann,2022-05-05,F,+1-202-824-3913,jackie.springmann221@example.com
222,Barry,Vestrand,1952-07-22,M,+1-202-201-9455,barry.vestrand222@example.com
223,Omar,Eagles,1949-09-04,M,+1-202-237-6044,omar.eagles223@example.com
224,Cheyanne,Hensler,1977-04-05,F,+1-202-887-5812,cheyanne.hensler224@example.com
225,Adrianna,Standafer,1979-10-11,F,+1-202-305-1359,adrianna.standafer225@example.com
226,Jason,Ruotolo,1964-08-14,M,+1-202-159-4836,jason.ruotolo226@example.com
227,Blaine,Sandhoff,1975-03-27,M,+1-202-568-4402,blaine.sandhoff227@example.com
228,Antonio,Gevry,2013-09-28,M,+1-202-484-8254,antonio.gevry228@example.com
229,Meghan,Herfel,1992-05-21,F,+1-202-666-1926,meghan.herfel229@example.com
230,Winston,Siemons,1977-01-07,M,+1-202-301-9672,winston.siemons230@example.com
231,Constance,Eyman,1944-02-18,F,+1-202-630-4677,constance.eyman231@example.com
232,Homer,Ruhf,1943-12-14,M,+1-202-549-3853,homer.ruhf232@example.com
233,Cynthia,Torris,1974-10-13,F,+1-202-814-2793,cynthia.torris233@example.com
234,Tracey,Levenberg,1961-04-24,F,+1-202-364-4273,tracey.levenberg234@example.com
235,Tracy,Kolpien,2001-07-22,F,+1-202-238-3742,tracy.kolpien235@example.com
236,Isabel,Ringold,1991-11-03,F,+1-202-139-3050,isabel.ringold236@example.com
237,Marion,Arenales,1985-05-01,M,+1-202-712-3314,marion.arenales237@example.com
238,Talia,Dedman,1982-01-15,F,+1-202-405-8140,talia.dedman238@example.com
239,Charley,Mcpike,1941-03-21,M,+1-202-197-5711,charley.mcpike239@example.com
240,Becky,Durlin,2003-04-24,F,+1-202-954-8509,becky.durlin240@example.com
241,Gilberto,Borgen,1953-11-12,M,+1-202-479-8661,gilberto.borgen241@example.com
242,Anton,Kalamaras,1971-06-21,M,+1-202-746-2439,anton.kalamaras242@example.com
243,Jordan,Porten,2020-09-08,F,+1-202-538-9942,jordan.porten243@example.com
244,Lara,Betita,1990-08-15,F,+1-202-953-5206,lara.betita244@example.com
245,Earnest,Goudreault,1971-02-10,M,+1-202-981-1797,earnest.goudreault245@example.com
246,Peter,Soloway,1991-03-26,M,+1-202-551-8593,peter.soloway246@example.com
247,Guillermo,Kosirog,1957-01-27,M,+1-202-312-9073,guillermo.kosirog247@example.com
248,Shayna,Schroter,1934-11-08,F,+1-202-947-7842,shayna.schroter248@example.com
249,Candy,Kucala,1979-01-03,F,+1-202-329-6133,candy.kucala249@example.com
250,Caitlin,Durfey,1935-02-02,F,+1-202-863-4388,caitlin.durfey250@example.com
251,Juliet,Haedt,2023-10-04,F,+1-202-297-1075,juliet.haedt251@example.com
252,Winston,Asay,1955-12-09,M,+1-202-848-4509,winston.asay252@example.com
253,Robin,Bondeson,1965-08-05,M,+1-202-346-1052,robin.bondeson253@example.com
254,Dan,Giustra,2002-04-05,M,+1-202-691-5660,dan.giustra254@example.com
255,Felipe,Miedema,1944-05-29,M,+1-202-867-6507,felipe.miedema255@example.com
256,Landen,Pechter,2013-10-29,M,+1-202-300-3437,landen.pechter256@example.com
257,Joann,Lassalle,2005-07-02,F,+1-202-938-6165,joann.lassalle257@example.com
258,Drake,Liebrecht,2018-06-26,M,+1-202-261-3343,drake.liebrecht258@example.com
259,Caleb,Klaverkamp,2020-10-04,M,+1-202-258-5380,caleb.klaverkamp259@example.com
260,Stella,Midyett,1962-04-23,F,+1-202-729-5875,stella.midyett260@example.com
261,Sienna,Wubben,1960-08-02,F,+1-202-133-3200,sienna.wubben261@example.com
262,Jaime,Bracco,1985-06-12,F,+1-202-195-5458,jaime.bracco262@example.com
263,Breanna,Sunkel,2001-05-10,F,+1-202-580-8359,breanna.sunkel263@example.com
264,Doyle,Hilpipre,1951-12-18,M,+1-202-132-4302,doyle.hilpipre264@example.com
265,Thaddeus,Mickell,1947-12-24,M,+1-202-285-1861,thaddeus.mickell265@example.com
266,Kathleen,Hosbein,1954-05-11,F,+1-202-112-4265,kathleen.hosbein266@example.com
267,Julian,Vollentine,2024-08-16,M,+1-202-142-6367,julian.vollentine267@example.com
268,Bessie,Duffus,2015-02-06,F,+1-202-617-8069,bessie.duffus268@example.com
269,Anne,Softic,2010-01-26,F,+1-202-365-3205,anne.softic269@example.com
270,James,Lokken,2025-03-05,F,+1-202-969-3571,james.lokken270@example.com
271,Kody,Cipolla,1985-08-31,M,+1-202-243-4078,kody.cipolla271@example.com
272,Kendall,Shupak,1960-11-01,M,+1-202-840-9245,kendall.shupak272@example.com
273,Willie,Suwalski,2002-09-12,F,+1-202-665-1698,willie.suwalski273@example.com
274,Joel,Grappone,1969-03-08,M,+1-202-667-8362,joel.grappone274@example.com
275,Henry,Nuevo,1962-02-01,M,+1-202-574-1257,henry.nuevo275@example.com
276,Peyton,Melerine,1950-08-12,F,+1-202-216-6149,peyton.melerine276@example.com
277,Skye,Tirelli,1978-08-02,F,+1-202-957-5550,skye.tirelli277@example.com
278,Simon,Lota,1975-11-10,M,+1-202-219-8361,simon.lota278@example.com
279,Daphne,Elizarraras,2004-06-08,F,+1-202-592-4276,daphne.elizarraras279@example.com
280,Marisol,Ondrusek,1995-10-01,F,+1-202-113-2661,marisol.ondrusek280@example.com
281,Mary,Robl,2021-09-24,M,+1-202-688-8523,mary.robl281@example.com
282,Lily,Paruchuri,2006-09-15,F,+1-202-223-3151,lily.paruchuri282@example.com
283,Wendy,Linahan,1975-09-17,F,+1-202-922-2786,wendy.linahan283@example.com
284,Winston,Heading,1978-05-29,M,+1-202-524-3171,winston.heading284@example.com
285,Bruno,Whiteker,1947-05-07,M,+1-202-178-4739,bruno.whiteker285@example.com
286,Joel,Mcconnon,1979-12-24,M,+1-202-404-6742,joel.mcconnon286@example.com
287,Jodi,Griebling,2006-08-06,F,+1-202-692-4015,jodi.griebling287@example.com
288,Vera,Horman,2009-09-28,F,+1-202-660-4851,vera.horman288@example.com
289,Susan,Molik,1988-10-04,F,+1-202-206-6175,susan.molik289@example.com
290,Blair,Cumberworth,1954-03-21,M,+1-202-251-6066,blair.cumberworth290@example.com
291,Derick,Mickow,2017-02-27,M,+1-202-490-6223,derick.mickow291@example.com
292,Trevor,Carola,1951-01-31,M,+1-202-300-5667,trevor.carola292@example.com
293,Debora,Condon,1961-08-14,F,+1-202-380-9500,debora.condon293@example.com
294,Kelsey,Chaffer,1966-04-13,F,+1-202-622-9067,kelsey.chaffer294@example.com
295,Delia,Hoppmann,2024-09-16,F,+1-202-242-9298,delia.hoppmann295@example.com
296,Jade,Chasen,2003-07-06,F,+1-202-740-8651,jade.chasen296@example.com
297,Janae,Collins,2024-01-12,F,+1-202-313-7457,janae.collins297@example.com
298,Lynne,Dargis,1982-04-01,F,+1-202-780-3342,lynne.dargis298@example.com
299,Daphne,Zugel,1963-05-03,F,+1-202-356-7579,daphne.zugel299@example.com
300,Harmony,Talburt,1975-01-02,F,+1-202-641-8040,harmony.talburt300@example.com
301,Ellis,Dauer,1997-08-22,M,+1-202-157-4154,ellis.dauer301@example.com
302,Zoe,Finucan,1948-05-11,F,+1-202-737-3755,zoe.finucan302@example.com
303,Ashlee,Schlieve,1998-03-24,F,+1-202-553-5740,ashlee.schlieve303@example.com
304,Loren,Libertini,1987-12-22,M,+1-202-822-7887,loren.libertini304@example.com
305,Melisa,Decosmo,1967-11-18,F,+1-202-364-3262,melisa.decosmo305@example.com
306,Ryleigh,Roewer,1975-04-18,F,+1-202-405-6220,ryleigh.roewer306@example.com
307,Jakob,Aboy,1975-12-01,M,+1-202-205-8557,jakob.aboy307@example.com
308,Demarcus,Bundrick,1934-07-01,M,+1-202-541-6191,demarcus.bundrick308@example.com
309,Hailee,Velastegui,1953-05-18,F,+1-202-336-3975,hailee.velastegui309@example.com
310,Elvin,Mccartha,1979-11-11,M,+1-202-603-9495,elvin.mccartha310@example.com
311,Brooklyn,Altland,1979-08-23,F,+1-202-744-8451,brooklyn.altland311@example.com
312,Maureen,Galena,1938-03-06,F,+1-202-884-3046,maureen.galena312@example.com
313,Connor,Skiera,2020-09-08,M,+1-202-186-4591,connor.skiera313@example.com
314,Dana,Kasischke,1965-07-29,F,+1-202-970-2477,dana.kasischke314@example.com
315,Billie,Facto,2002-07-17,M,+1-202-193-1242,billie.facto315@example.com
316,Ezekiel,Bool,1996-07-14,M,+1-202-554-8334,ezekiel.bool316@example.com
317,Ericka,Russett,1962-07-08,F,+1-202-180-2092,ericka.russett317@example.com
318,Leonardo,Cianchetti,1988-05-25,M,+1-202-418-6779,leonardo.cianchetti318@example.com
319,Miles,Michel,2017-08-11,M,+1-202-152-3718,miles.michel319@example.com
320,Brittney,Kitzmiller,1991-11-06,F,+1-202-758-1737,brittney.kitzmiller320@example.com
321,Pat,Shuta,2012-07-12,M,+1-202-525-9007,pat.shuta321@example.com
322,Janice,Birchenough,1948-06-12,F,+1-202-484-1771,janice.birchenough322@example.com
323,Abel,Frisque,1982-02-25,M,+1-202-524-3689,abel.frisque323@example.com
324,Erick,Linze,1969-12-07,M,+1-202-679-6926,erick.linze324@example.com
325,Fabian,Cyman,1987-04-24,M,+1-202-813-6487,fabian.cyman325@example.com
326,Araceli,Beresky,1966-03-09,F,+1-202-233-5864,araceli.beresky326@example.com
327,Hugh,Roxby,1965-07-20,M,+1-202-389-7841,hugh.roxby327@example.com
328,Summer,Judy,1961-05-03,F,+1-202-990-2767,summer.judy328@example.com
329,Mikayla,Mccrobie,1935-09-20,F,+1-202-820-3550,mikayla.mccrobie329@example.com
330,Tyrell,Zeron,1952-06-25,M,+1-202-650-7673,tyrell.zeron330@example.com
331,Francis,Baribault,1975-12-06,M,+1-202-112-8551,francis.baribault331@example.com
332,Marcos,Knapp,1942-12-27,M,+1-202-878-9638,marcos.knapp332@example.com
333,Marina,Val,1993-06-20,F,+1-202-378-8759,marina.val333@example.com
334,Asa,Gerwing,1942-12-23,M,+1-202-756-5962,asa.gerwing334@example.com
335,Meghan,Cuckler,1953-02-12,F,+1-202-884-3036,meghan.cuckler335@example.com
336,Aden,Spreier,1986-01-10,M,+1-202-520-2991,aden.spreier336@example.com
337,Colette,Agi,2019-07-30,F,+1-202-379-5615,colette.agi337@example.com
338,Zachary,Fuster,1984-06-09,M,+1-202-186-2084,zachary.fuster338@example.com
339,Judy,Fanucchi,2015-06-02,F,+1-202-666-2483,judy.fanucchi339@example.com
340,Pat,Mekuria,1993-10-07,M,+1-202-723-5247,pat.mekuria340@example.com
341,Roy,Dohman,1962-03-30,M,+1-202-996-5016,roy.dohman341@example.com
342,Marlene,Hilbun,1945-09-28,F,+1-202-870-2901,marlene.hilbun342@example.com
343,Lara,Updegrove,2014-08-31,F,+1-202-842-4654,lara.updegrove343@example.com
344,Tara,Kunch,1972-11-11,F,+1-202-234-4309,tara.kunch344@example.com
345,Albert,Burries,1991-08-27,M,+1-202-197-7167,albert.burries345@example.com
346,Julio,Biffle,1972-08-20,M,+1-202-315-7634,julio.biffle346@example.com
347,Moises,Maharg,1991-05-04,M,+1-202-136-9894,moises.maharg347@example.com
348,Lindsay,Elizando,2007-05-21,F,+1-202-957-5961,lindsay.elizando348@example.com
349,Darrin,Akamine,1944-04-03,M,+1-202-240-4051,darrin.akamine349@example.com
350,Erma,Ingmire,1971-01-30,F,+1-202-591-9400,erma.ingmire350@example.com
351,Katrina,Benini,1957-04-05,F,+1-202-787-8797,katrina.benini351@example.com
352,Carly,Gepford,1940-08-14,F,+1-202-369-3292,carly.gepford352@example.com
353,Brady,Wyszkowski,1983-07-03,M,+1-202-753-3801,brady.wyszkowski353@example.com
354,Merlin,Breden,1990-06-09,M,+1-202-145-7274,merlin.breden354@example.com
355,Curtis,Nicol,1943-12-23,M,+1-202-728-5598,curtis.nicol355@example.com
356,Jared,Scrogum,2012-12-31,M,+1-202-930-3790,jared.scrogum356@example.com
357,Clark,Meckstroth,1945-10-01,M,+1-202-393-1631,clark.meckstroth357@example.com
358,Jeannie,Kibbler,1971-05-21,F,+1-202-287-5512,jeannie.kibbler358@example.com
359,Amber,Kose,2008-04-23,F,+1-202-684-3206,amber.kose359@example.com
360,Gregory,Kylander,2006-08-13,M,+1-202-845-6920,gregory.kylander360@example.com
361,Jordan,Harington,2013-08-03,M,+1-202-170-5442,jordan.harington361@example.com
362,Gregorio,Bazemore,1986-02-28,M,+1-202-863-5063,gregorio.bazemore362@example.com
363,Frederic,Cusey,2017-10-28,M,+1-202-757-6389,frederic.cusey363@example.com
364,Freddy,Giammarco,1993-10-03,M,+1-202-328-5624,freddy.giammarco364@example.com
365,Marian,Bucknum,1938-01-12,F,+1-202-547-8709,marian.bucknum365@example.com
366,Sharon,Scibona,1969-03-04,F,+1-202-501-8171,sharon.scibona366@example.com
367,Leona,Brunick,2024-08-20,F,+1-202-378-3850,leona.brunick367@example.com
368,Ben,Vinyard,1980-09-21,M,+1-202-506-3677,ben.vinyard368@example.com
369,Suzanne,Grieder,1967-09-21,F,+1-202-723-8088,suzanne.grieder369@example.com
370,April,Hes,2003-06-15,F,+1-202-435-1414,april.hes370@example.com
371,Buddy,Barquist,2021-05-03,M,+1-202-505-9514,buddy.barquist371@example.com
372,Violet,Haagenson,1977-09-21,F,+1-202-587-7143,violet.haagenson372@example.com
373,Jennifer,Deaven,1964-08-07,F,+1-202-487-3181,jennifer.deaven373@example.com
374,Randolph,Lum,1948-11-20,M,+1-202-753-6181,randolph.lum374@example.com
375,Janie,Fronda,1966-11-23,F,+1-202-962-3596,janie.fronda375@example.com
376,Rodger,Cloudman,2023-09-09,M,+1-202-657-3780,rodger.cloudman376@example.com
377,Willie,Loschiavo,1937-12-30,M,+1-202-782-3273,willie.loschiavo377@example.com
378,Judy,Tirico,2007-01-16,F,+1-202-764-8464,judy.tirico378@example.com
379,Eldon,Gumb,1955-12-22,M,+1-202-891-1008,eldon.gumb379@example.com
380,Alejandro,Kindschy,1985-12-15,M,+1-202-742-6099,alejandro.kindschy380@example.com
381,Galen,Campion,1968-05-11,M,+1-202-567-2523,galen.campion381@example.com
382,Isaac,Iceman,1993-08-20,M,+1-202-705-9396,isaac.iceman382@example.com
383,Royce,Blasiman,1983-04-02,M,+1-202-509-6342,royce.blasiman383@example.com
384,Charity,Bojic,1995-01-16,F,+1-202-927-1516,charity.bojic384@example.com
385,Virginia,Wettig,1954-09-04,F,+1-202-270-8397,virginia.wettig385@example.com
386,Ty,Ohrenberger,1995-03-16,M,+1-202-306-7132,ty.ohrenberger386@example.com
387,Madeline,Lajara,1964-08-09,F,+1-202-934-2330,madeline.lajara387@example.com
388,Kerry,Gallups,1949-10-09,M,+1-202-309-9803,kerry.gallups388@example.com
389,Cadence,Bouchillon,1943-09-03,F,+1-202-931-7785,cadence.bouchillon389@example.com
390,Daniel,Basl,1965-06-22,M,+1-202-847-1978,daniel.basl390@example.com
391,Cristina,Firkus,2000-07-07,F,+1-202-704-1394,cristina.firkus391@example.com
392,Miles,Ish,1950-07-05,M,+1-202-575-8039,miles.ish392@example.com
393,Marisa,Shor,1961-09-14,F,+1-202-802-9792,marisa.shor393@example.com
394,Reese,Malfatti,1957-03-26,F,+1-202-669-2300,reese.malfatti394@example.com
395,Linda,Nykiel,2004-11-08,F,+1-202-303-3445,linda.nykiel395@example.com
396,Jennie,Nurnberger,2006-11-01,F,+1-202-180-3714,jennie.nurnberger396@example.com
397,Jake,Poveromo,2013-10-07,M,+1-202-900-7201,jake.poveromo397@example.com
398,Keith,Fafalios,1937-08-26,M,+1-202-191-4274,keith.fafalios398@example.com
399,Paige,Henesey,2013-08-15,F,+1-202-863-7635,paige.henesey399@example.com
400,Wiley,Volesky,2014-08-26,M,+1-202-346-5628,wiley.volesky400@example.com
401,Jose,Issler,2003-12-25,M,+1-202-967-9058,jose.issler401@example.com
402,Chester,Rafford,1989-06-15,M,+1-202-457-8552,chester.rafford402@example.com
403,Precious,Severinsen,2020-12-22,F,+1-202-194-9214,precious.severinsen403@example.com
404,Ava,Timko,1987-12-31,F,+1-202-550-6624,ava.timko404@example.com
405,Liam,Pajor,2005-03-26,M,+1-202-480-6552,liam.pajor405@example.com
406,Estella,Castrovinci,1986-11-06,F,+1-202-485-5417,estella.castrovinci406@example.com
407,Leonard,Morgera,1968-03-30,M,+1-202-342-2790,leonard.morgera407@example.com
408,Devon,Dib,2017-07-01,F,+1-202-542-4576,devon.dib408@example.com
409,Pat,Desharnais,1975-11-08,M,+1-202-806-3384,pat.desharnais409@example.com
410,Terrence,Bridgen,1957-01-27,M,+1-202-334-4602,terrence.bridgen410@example.com
411,Reid,Stutte,1981-08-27,M,+1-202-323-4384,reid.stutte411@example.com
412,Keisha,Spoth,1943-09-15,F,+1-202-575-6341,keisha.spoth412@example.com
413,Amaya,Bertagna,2024-02-06,F,+1-202-314-2433,amaya.bertagna413@example.com
414,Michele,Biniecki,1986-11-03,F,+1-202-857-7314,michele.biniecki414@example.com
415,Rodney,Teufel,1999-11-09,M,+1-202-425-4440,rodney.teufel415@example.com
416,Tammy,Cassie,1993-08-15,F,+1-202-789-1229,tammy.cassie416@example.com
417,Ezekiel,Bauser,2019-07-11,M,+1-202-281-5593,ezekiel.bauser417@example.com
418,Gayle,Dutoit,1952-09-25,F,+1-202-556-9110,gayle.dutoit418@example.com
419,Ethan,Rafert,1952-05-25,M,+1-202-438-7917,ethan.rafert419@example.com
420,Dominique,Miramonti,2011-03-19,F,+1-202-917-7829,dominique.miramonti420@example.com
421,Jean,Jacot,1989-12-01,M,+1-202-433-4608,jean.jacot421@example.com
422,Rosalie,Redner,2021-04-07,F,+1-202-339-3200,rosalie.redner422@example.com
423,Leo,Erbach,1992-10-06,M,+1-202-975-9887,leo.erbach423@example.com
424,Luz,Feasel,2015-08-17,F,+1-202-761-3757,luz.feasel424@example.com
425,Juliette,Zanoni,1953-04-02,F,+1-202-801-9442,juliette.zanoni425@example.com
426,Harrison,Shortley,1937-05-07,M,+1-202-369-2436,harrison.shortley426@example.com
427,Antoinette,Maker,1969-05-10,F,+1-202-701-2843,antoinette.maker427@example.com
428,Cristal,Dubbert,1990-12-11,F,+1-202-816-4589,cristal.dubbert428@example.com
429,Emmett,Harteau,1973-11-25,M,+1-202-949-1555,emmett.harteau429@example.com
430,Erwin,Ellman,1960-02-11,M,+1-202-144-1461,erwin.ellman430@example.com
431,Minnie,Ginty,1993-03-22,F,+1-202-959-8978,minnie.ginty431@example.com
432,Beverly,Harsche,1984-07-11,F,+1-202-584-8910,beverly.harsche432@example.com
433,Elliott,Prangley,1950-09-27,M,+1-202-162-6350,elliott.prangley433@example.com
434,Marisol,Proudman,2004-10-24,F,+1-202-896-9712,marisol.proudman434@example.com
435,Maria,Simecek,1946-04-14,F,+1-202-124-5874,maria.simecek435@example.com
436,Sofia,Cr,1971-10-06,F,+1-202-298-7730,sofia.cr436@example.com
437,Jameson,Pailet,1941-01-18,M,+1-202-945-4797,jameson.pailet437@example.com
438,Eldon,Belalcazar,2023-02-16,M,+1-202-163-5863,eldon.belalcazar438@example.com
439,Devon,Kallenbach,1937-12-20,M,+1-202-327-6330,devon.kallenbach439@example.com
440,Marlene,Sermon,1937-12-06,F,+1-202-924-5333,marlene.sermon440@example.com
441,Gregorio,Hepperle,1945-01-26,M,+1-202-610-6389,gregorio.hepperle441@example.com
442,Kimberley,Zalesny,1940-08-19,F,+1-202-272-3017,kimberley.zalesny442@example.com
443,Victor,Sahr,2003-01-03,M,+1-202-875-5565,victor.sahr443@example.com
444,Loretta,Glassford,1936-05-21,F,+1-202-292-2515,loretta.glassford444@example.com
445,Kade,Ducret,1997-12-18,M,+1-202-239-8939,kade.ducret445@example.com
446,Kameron,Guinn,1949-01-20,M,+1-202-118-7668,kameron.guinn446@example.com
447,Francisco,Grismer,2008-09-10,M,+1-202-450-8820,francisco.grismer447@example.com
448,Yahir,Behrendsen,1957-04-24,M,+1-202-662-7420,yahir.behrendsen448@example.com
449,Terrence,Blint,1954-05-31,M,+1-202-392-2338,terrence.blint449@example.com
450,Fatima,Studeman,1973-10-23,F,+1-202-121-2272,fatima.studeman450@example.com
451,Natalia,Herschbach,1967-12-29,F,+1-202-481-2278,natalia.herschbach451@example.com
452,Mamie,Redler,1951-11-20,F,+1-202-153-5658,mamie.redler452@example.com
